33860,"Montgomery, AL",96,346575,374536,19.86
19300,"Daphne-Fairhope-Foley, AL",31,140416,182265,28.02
21640,"Eufaula, AL-GA",10,31638,29970,-6.74
13820,"Birmingham-Hoover, AL",262,1051334,1128047,9.78
,,1140,19153788,19508223,3.45
11500,"Anniston-Oxford, AL",30,111913,118572,0.72
46740,"Valley, AL",9,36592,34215,-8.62
21460,"Enterprise-Ozark, AL",28,92762,100199,6.94
22520,"Florence-Muscle Shoals, AL",36,142929,147137,2.41
10760,"Alexander City, AL",13,53622,53155,-1.28
18980,"Cullman, AL",18,77438,80406,4.37
42820,"Selma, AL",15,46361,43820,-5.16
22840,"Fort Payne, AL",14,64433,71109,9.45
23460,"Gadsden, AL",30,103451,104430,-1.12
20020,"Dothan, AL",34,130823,145639,8.80
46220,"Tuscaloosa, AL",56,193119,219461,14.43
42460,"Scottsboro, AL",11,53882,53227,-1.83
19460,"Decatur, AL",36,145901,153829,4.24
12220,"Auburn-Opelika, AL",27,115018,140247,20.36
26620,"Huntsville, AL",89,342661,417593,19.33
46260,"Tuskegee, AL",12,24084,21452,-11.43
10700,"Albertville, AL",18,82308,93019,12.97
33660,"Mobile, AL",114,399889,412992,-1.00
45980,"Troy, AL",8,29690,32899,6.11
17980,"Columbus, GA-AL",78,281870,294865,3.40
45180,"Talladega-Sylacauga, AL",22,80703,82291,1.76
11260,"Anchorage, AK",72,319619,380821,23.38
21820,"Fairbanks, AK",19,82849,97581,15.51
27940,"Juneau, AK",6,30704,31275,2.27
28540,"Ketchikan, AK",4,14074,13477,-4.41
28980,"Kodiak, AK",5,13916,13592,-6.95
43420,"Sierra Vista-Douglas, AZ",32,117740,131346,12.06
22380,"Flagstaff, AZ",28,116321,134421,16.51
37740,"Payson, AZ",16,51301,53597,5.56
40940,"Safford, AZ",12,42015,45657,10.29
38060,"Phoenix-Mesa-Glendale, AZ",966,3251885,4106145,2372.71
29420,"Lake Havasu City-Kingman, AZ",43,154975,200186,28.15
43320,"Show Low, AZ",31,97451,107449,10.39
46060,"Tucson, AZ",241,843705,980263,4099.49
35700,"Nogales, AZ",10,38379,47420,18.31
39140,"Prescott, AZ",42,167377,211033,24.27
49740,"Yuma, AZ",54,159995,195751,35.98
34260,"Mountain Home, AR",9,38365,41513,8.46
22220,"Fayetteville-Springdale-Rogers, AR-MO",89,347038,463204,53.35
25460,"Harrison, AR",9,42545,45233,5.65
15780,"Camden, AR",8,34506,31488,-8.42
11660,"Arkadelphia, AR",5,23541,22995,-1.75
38220,"Pine Bluff, AR",30,107331,100258,-7.52
31620,"Magnolia, AR",5,25613,24552,-4.72
27860,"Jonesboro, AR",24,107753,121026,11.31
22900,"Fort Smith, AR-OK",61,273172,298592,8.57
32820,"Memphis, TN-MS-AR",305,1205260,1315807,12.16
30780,"Little Rock-North Little Rock-Conway, AR",163,610465,699755,16.48
26300,"Hot Springs, AR",20,88131,96024,6.56
37500,"Paragould, AR",9,37383,42090,10.44
26260,"Hope, AR",8,33532,31606,-6.35
12900,"Batesville, AR",8,34237,36647,7.52
45500,"Texarkana, TX-Texarkana, AR",30,129752,136027,2.91
14180,"Blytheville, AR",12,51999,46480,-11.71
25760,"Helena-West Helena, AR",6,26438,21757,-21.03
40780,"Russellville, AR",17,75601,83939,10.59
22620,"Forrest City, AR",6,29326,28258,-6.57
20980,"El Dorado, AR",10,45633,41639,-9.14
42620,"Searcy, AR",13,67166,77076,14.58
41860,"San Francisco-Oakland-Fremont, CA",971,4123716,4322569,457.30
17020,"Chico, CA",51,203125,220000,13.59
18860,"Crescent City, CA",7,27505,28610,8.47
40900,"Sacramento--Arden-Arcade--Roseville, CA",476,1796836,2110154,1769.86
23420,"Fresno, CA",199,798753,930450,46.81
21700,"Eureka-Arcata-Fortuna, CA",30,126509,134623,6.56
20940,"El Centro, CA",31,142334,174528,32.19
13860,"Bishop, CA",6,17955,18546,2.32
12540,"Bakersfield-Delano, CA",151,661632,839631,34.56
25260,"Hanford-Corcoran, CA",27,129469,152982,22.00
17340,"Clearlake, CA",15,58331,64665,10.56
45000,"Susanville, CA",9,33828,34895,3.99
31100,"Los Angeles-Long Beach-Santa Ana, CA",2918,12365635,12813550,84.64
31460,"Madera-Chowchilla, CA",23,123179,150865,22.71
46380,"Ukiah, CA",20,86256,87841,1.72
32900,"Merced, CA",49,211194,255793,22.71
41500,"Salinas, CA",93,401750,415057,3.17
34900,"Napa, CA",40,124344,136484,18.65
46020,"Truckee-Grass Valley, CA",20,92046,98764,8.24
40140,"Riverside-San Bernardino-Ontario, CA",820,3254802,4220352,115.01
41940,"San Jose-Sunnyvale-Santa Clara, CA",383,1735994,1836911,98.90
41740,"San Diego-Carlsbad-San Marcos, CA",627,2813820,3095313,24.25
44700,"Stockton, CA",139,563659,685306,27.96
42020,"San Luis Obispo-Paso Robles, CA",53,246746,269637,8.39
42060,"Santa Barbara-Santa Maria-Goleta, CA",89,399290,423895,6.98
42100,"Santa Cruz-Watsonville, CA",52,255619,262382,3.61
39820,"Redding, CA",48,163246,177223,9.47
46700,"Vallejo-Fairfield, CA",96,394495,413344,6.88
42220,"Santa Rosa-Petaluma, CA",99,458586,483878,4.57
33700,"Modesto, CA",94,446836,514453,16.06
49700,"Yuba City, CA",35,139196,166892,25.29
39780,"Red Bluff, CA",11,56060,63463,12.61
47300,"Visalia-Porterville, CA",78,368025,442179,21.15
38020,"Phoenix Lake-Cedar Ridge, CA",10,54522,51775,-4.37
37100,"Oxnard-Thousand Oaks-Ventura, CA",172,753204,823262,37.67
19740,"Denver-Aurora-Broomfield, CO",611,2179470,2526100,627.44
14500,"Boulder, CO",68,269794,294567,21.93
20780,"Edwards, CO",16,49439,59507,16.93
17820,"Colorado Springs, CO",136,537479,645613,103.85
15860,"Cañon City, CO",14,46140,46824,111.80
20420,"Durango, CO",10,43957,51334,15.21
22660,"Fort Collins-Loveland, CO",73,251491,299630,28.06
44540,"Sterling, CO",6,20566,22709,9.75
24300,"Grand Junction, CO",29,116939,146723,24.33
33940,"Montrose, CO",10,33438,41276,40.67
22820,"Fort Morgan, CO",8,27172,28159,2.72
39380,"Pueblo, CO",54,141487,159063,19.49
43540,"Silverthorne, CO",5,23558,27994,19.77
24540,"Greeley, CO",77,180760,252825,1257.28
14860,"Bridgeport-Stamford-Norwalk, CT",210,882647,916829,3.87
25540,"Hartford-West Hartford-East Hartford, CT",288,1148665,1212381,6.53
45860,"Torrington, CT",51,182154,189927,3.99
35300,"New Haven-Milford, CT",189,823993,862477,4.63
35980,"Norwich-New London, CT",65,259092,274055,7.21
48740,"Willimantic, CT",25,109101,118428,8.38
20100,"Dover, DE",32,126757,162310,25.84
37980,"Philadelphia-Camden-Wilmington, PA-NJ-DE-MD",1402,5686329,5965325,5.55
42580,"Seaford, DE",53,156508,197145,26.34
47900,"Washington-Arlington-Alexandria, DC-VA-MD-WV",1333,4796439,5567492,199.76
23540,"Gainesville, FL",61,232392,264275,14.12
27260,"Jacksonville, FL",258,1122835,1345596,25.93
37460,"Panama City-Lynn Haven-Panama City Beach, FL",43,148270,168852,14.52
37340,"Palm Bay-Melbourne-Titusville, FL",112,476301,543376,13.08
33100,"Miami-Fort Lauderdale-Pompano Beach, FL",1128,5007951,5549937,448.66
39460,"Punta Gorda, FL",38,141618,159978,15.62
26140,"Homosassa Springs, FL",27,118103,141236,21.17
34940,"Naples-Marco Island, FL",73,251408,321520,26.35
29380,"Lake City, FL",12,56413,67531,18.65
11580,"Arcadia, FL",9,32204,34862,7.18
37860,"Pensacola-Ferry Pass-Brent, FL",96,412168,448991,8.49
37380,"Palm Coast, FL",20,49818,95696,131.91
45220,"Tallahassee, FL",84,320259,367413,45.29
48100,"Wauchula, FL",6,26854,27731,0.05
17500,"Clewiston, FL",6,36190,39140,9.34
45300,"Tampa-St. Petersburg-Clearwater, FL",735,2396038,2771804,107.22
42700,"Sebring, FL",26,87393,98786,7.64
42680,"Sebastian-Vero Beach, FL",30,112879,138028,16.54
36740,"Orlando-Kissimmee-Sanford, FL",389,1644506,2134411,33.31
15980,"Cape Coral-Fort Myers, FL",163,440910,614690,493.18
35840,"North Port-Bradenton-Sarasota, FL",147,590000,702281,59.70
36100,"Ocala, FL",61,258879,331298,30.37
38940,"Port St. Lucie, FL",77,319462,424107,32.79
28580,"Key West, FL",29,79602,73070,-10.57
18880,"Crestview-Fort Walton Beach-Destin, FL",41,170519,180822,8.10
36380,"Okeechobee, FL",11,35865,39996,13.72
29460,"Lakeland-Winter Haven, FL",153,483887,602092,34.50
37260,"Palatka, FL",16,70418,74364,5.52
45540,"The Villages, FL",18,53337,87023,226.88
19660,"Deltona-Daytona Beach-Ormond Beach, FL",113,443387,494593,14.63
20060,"Douglas, GA",12,45032,50731,11.35
10500,"Albany, GA",43,157874,157308,-1.71
33300,"Milledgeville, GA",11,54699,55149,4.47
12060,"Atlanta-Sandy Springs-Marietta, GA",933,4247614,5268860,28.01
22340,"Fitzgerald, GA",7,27416,27172,1.05
31420,"Macon, GA",60,222484,232293,2.67
15260,"Brunswick, GA",21,93025,112370,17.61
46660,"Valdosta, GA",34,119576,139588,16.46
42340,"Savannah, GA",85,293317,347598,16.01
44340,"Statesboro, GA",12,55958,70217,24.72
12260,"Augusta-Richmond County, GA-SC",113,499711,556877,11.39
41220,"St. Marys, GA",10,43660,50513,14.34
16860,"Chattanooga, TN-GA",119,476605,528143,9.45
44900,"Summerville, GA",6,25427,26015,3.79
12020,"Athens-Clarke County, GA",44,166019,192541,14.97
34220,"Moultrie, GA",10,42048,45498,7.39
18380,"Cordele, GA",6,22016,23439,5.91
12460,"Bainbridge, GA",7,28256,27842,-3.74
40660,"Rome, GA",20,90617,96317,6.53
15660,"Calhoun, GA",9,44095,55186,26.49
18460,"Cornelia, GA",8,35886,43041,20.49
23580,"Gainesville, GA",36,139631,179684,41.49
47580,"Warner Robins, GA",23,110748,139900,25.36
20140,"Dublin, GA",16,53392,58414,10.07
25980,"Hinesville-Fort Stewart, GA",16,71934,77917,7.77
47080,"Vidalia, GA",9,34366,36346,5.70
19140,"Dalton, GA",26,120056,142227,18.31
22980,"Fort Valley, GA",6,23689,27695,17.02
48180,"Waycross, GA",13,51121,55070,4.21
16340,"Cedartown, GA",7,38102,41475,8.93
11140,"Americus, GA",10,36988,37829,4.79
45740,"Toccoa, GA",5,25435,26175,3.31
45620,"Thomasville, GA",11,42798,44720,3.10
45700,"Tifton, GA",9,38373,40118,2.95
29300,"LaGrange, GA",14,58759,67044,15.81
45580,"Thomaston, GA",7,27761,27153,-1.42
27700,"Jesup, GA",6,26571,30099,13.91
25900,"Hilo, HI",33,148641,185079,24.10
26180,"Honolulu, HI",237,876177,947201,813.47
28180,"Kapaa, HI",14,58444,67091,12.72
27980,"Kahului-Wailuku, HI",34,128090,154834,20.88
14260,"Boise City-Nampa, ID",94,464868,616561,34.77
38540,"Pocatello, ID",24,83101,90656,7.11
13940,"Blackfoot, ID",8,41736,45607,8.06
26820,"Idaho Falls, ID",25,101664,130374,31.15
15420,"Burley, ID",11,41567,43021,3.82
34300,"Mountain Home, ID",5,29116,27038,-2.97
30860,"Logan, UT-ID",28,102722,125442,37.58
39940,"Rexburg, ID",9,39304,50778,29.74
46300,"Twin Falls, ID",19,82687,99604,17.98
17660,"Coeur d'Alene, ID",25,108681,138494,21.30
34140,"Moscow, ID",7,34925,37244,6.38
30300,"Lewiston, ID-WA",11,57971,60888,5.30
36620,"Ontario, OR-ID",11,52202,53936,2.37
27220,"Jackson, WY-ID",5,24261,31464,24.82
39500,"Quincy, IL-MO",22,78750,77314,-2.34
16020,"Cape Girardeau-Jackson, MO-IL",23,90286,96275,3.82
41180,"St. Louis, MO-IL",618,2698863,2812896,25.84
40420,"Rockford, IL",84,320228,349431,6.50
36860,"Ottawa-Streator, IL",40,153180,154908,0.89
16580,"Champaign-Urbana, IL",52,210299,231891,13.05
45380,"Taylorville, IL",10,35385,34800,-1.91
16660,"Charleston-Mattoon, IL",15,64521,64921,0.70
16980,"Chicago-Joliet-Naperville, IL-IN-WI",2134,9098960,9461105,5.04
20820,"Effingham, IL",8,34267,34242,0.00
15900,"Canton, IL",12,38244,37069,-3.32
34500,"Mount Vernon, IL",14,48664,47284,-3.39
15460,"Burlington, IA-IL",14,50529,47656,-5.42
19340,"Davenport-Moline-Rock Island, IA-IL",104,376068,379690,1.11
16060,"Carbondale, IL",14,59610,60218,2.70
28100,"Kankakee-Bradley, IL",29,103825,113449,10.33
23660,"Galesburg, IL",21,74578,70626,-5.12
19940,"Dixon, IL",9,36062,36031,-0.85
38700,"Pontiac, IL",10,39735,38950,-2.22
30660,"Lincoln, IL",8,31199,30305,-3.01
31380,"Macomb, IL",10,32908,32612,-2.14
14060,"Bloomington-Normal, IL",41,150378,169572,13.64
19500,"Decatur, IL",34,114690,110768,-4.30
16460,"Centralia, IL",12,41678,39437,-5.34
37900,"Peoria, IL",94,366909,379186,2.02
37140,"Paducah, KY-IL",26,98773,98762,-1.98
44100,"Springfield, IL",56,201457,210170,3.55
27300,"Jacksonville, IL",12,42164,40902,-2.41
40300,"Rochelle, IL",11,51001,53497,4.37
25380,"Harrisburg, IL",9,26754,24913,-6.64
23300,"Freeport, IL",13,48995,47711,-2.48
19180,"Danville, IL",24,83929,81625,-2.91
44580,"Sterling, IL",18,60662,58498,-3.11
32060,"Marion-Herrin, IL",15,61301,66357,8.46
19540,"Decatur, IN",7,33605,34387,2.32
23060,"Fort Wayne, IN",110,390094,416257,8.72
18020,"Columbus, IN",15,71470,76794,7.26
29140,"Lafayette, IN",47,178550,201789,12.62
26900,"Indianapolis-Carmel, IN",360,1525125,1756241,13.07
30900,"Logansport, IN",11,40926,38966,-4.72
31140,"Louisville/Jefferson County, KY-IN",316,1164039,1283566,15.20
45460,"Terre Haute, IN",44,170953,172425,-0.06
23140,"Frankfort, IN",8,33879,33224,-2.39
47780,"Washington, IN",7,29815,31648,4.51
17140,"Cincinnati-Middletown, OH-KY-IN",494,2009659,2130151,6.13
24700,"Greensburg, IN",6,24555,25740,4.35
12140,"Auburn, IN",9,40303,42223,4.92
34620,"Muncie, IN",30,118764,117671,-1.48
27540,"Jasper, IN",11,52817,54734,3.07
21140,"Elkhart-Goshen, IN",36,182788,197559,7.66
18220,"Connersville, IN",7,25589,24277,-4.34
21780,"Evansville, IN-KY",89,342825,358676,1.97
31980,"Marion, IN",16,73408,70061,-5.25
14020,"Bloomington, IN",45,175485,192714,11.99
35220,"New Castle, IN",13,48512,49462,1.84
29020,"Kokomo, IN",24,101562,98688,-2.94
26540,"Huntington, IN",9,38081,37124,-2.78
42980,"Seymour, IN",10,41397,42376,0.60
31500,"Madison, IN",7,31712,32428,1.07
35860,"North Vernon, IN",6,27558,28525,2.64
47180,"Vincennes, IN",10,39263,38440,-2.90
47700,"Warsaw, IN",19,74052,77358,3.48
33140,"Michigan City-La Porte, IN",28,110102,111467,-0.57
13260,"Bedford, IN",10,45912,46134,-0.70
11300,"Anderson, IN",37,133321,131636,1.21
38500,"Plymouth, IN",12,45126,47051,4.35
37940,"Peru, IN",10,36085,36903,14.45
18820,"Crawfordsville, IN",9,37634,38124,1.51
28340,"Kendallville, IN",10,46468,47536,1.89
43780,"South Bend-Mishawaka, IN-MI",76,316670,319224,0.47
42500,"Scottsburg, IN",5,22976,24181,5.11
11420,"Angola, IN",9,33233,34185,2.76
47340,"Wabash, IN",8,34968,32888,-5.96
39980,"Richmond, IN",17,71094,68917,-2.68
16300,"Cedar Rapids, IA",57,237266,257940,6.53
47940,"Waterloo-Cedar Falls, IA",50,163718,167819,1.37
14340,"Boone, IA",7,26206,26306,0.47
44740,"Storm Lake, IA",6,20417,20260,-3.52
32380,"Mason City, IA",14,54360,51749,-5.23
43980,"Spencer, IA",4,17369,16667,-5.72
17540,"Clinton, IA",12,50157,49116,-2.97
19780,"Des Moines-West Des Moines, IA",130,481396,569633,38.81
44020,"Spirit Lake, IA",5,16429,16667,0.90
20220,"Dubuque, IA",26,89133,93653,5.11
36540,"Omaha-Council Bluffs, NE-IA",255,767186,865350,577.72
35500,"Newton, IA",9,37229,36842,-0.39
26980,"Iowa City, IA",29,131662,152586,12.96
22800,"Fort Madison-Keokuk, IA-MO",14,45481,43001,-5.78
34700,"Muscatine, IA",13,53906,54132,0.15
36820,"Oskaloosa, IA",7,22319,22381,0.40
37800,"Pella, IA",8,32048,33309,2.04
32260,"Marshalltown, IA",10,39332,40648,3.00
11180,"Ames, IA",20,79988,89542,7.85
36900,"Ottumwa, IA",11,36067,35625,-1.24
22700,"Fort Dodge, IA",12,40230,38013,-6.48
43580,"Sioux City, IA-NE-SD",34,143000,143577,-0.53
11860,"Atchison, KS",4,16783,16924,-0.83
24460,"Great Bend, KS",8,28200,27674,-1.61
48620,"Wichita, KS",149,571176,623061,10.37
21380,"Emporia, KS",9,38964,36480,-6.15
49060,"Winfield, KS",11,36311,36311,-0.46
38260,"Pittsburg, KS",11,38246,39134,1.33
41140,"St. Joseph, MO-KS",34,123850,127329,2.71
29940,"Lawrence, KS",22,99953,110826,12.93
25700,"Hays, KS",6,27506,28452,3.44
23780,"Garden City, KS",12,40517,36776,-9.56
19980,"Dodge City, KS",7,32448,33848,1.46
28140,"Kansas City, MO-KS",527,1836575,2035313,37.52
31740,"Manhattan, KS",17,109017,127081,15.42
45820,"Topeka, KS",57,224571,233870,3.17
37660,"Parsons, KS",8,22821,21607,-6.05
32700,"McPherson, KS",7,29560,29180,-1.65
17700,"Coffeyville, KS",13,36267,35471,-3.23
41460,"Salina, KS",14,59763,61697,3.71
26740,"Hutchinson, KS",17,64797,64511,-0.84
30580,"Liberal, KS",5,22522,22952,0.94
23180,"Frankfort, KY",16,66794,70706,4.30
23980,"Glasgow, KY",13,48067,52272,9.04
34460,"Mount Sterling, KY",11,40172,44396,11.15
33180,"Middlesborough, KY",9,30049,28691,-4.19
30460,"Lexington-Fayette, KY",129,408395,472099,217.31
26580,"Huntington-Ashland, WV-KY-OH",78,288662,287702,-0.86
19220,"Danville, KY",13,51013,53174,5.01
34660,"Murray, KY",9,34182,37191,7.55
17300,"Clarksville, TN-KY",64,232092,273949,35.92
36980,"Owensboro, KY",29,109860,114752,3.49
14540,"Bowling Green, KY",28,104185,125953,22.92
46460,"Union City, TN-KY",12,40217,38620,-3.82
32460,"Mayfield, KY",9,37026,37121,0.39
21060,"Elizabethtown, KY",26,105982,119736,285.11
31580,"Madisonville, KY",12,46519,46920,0.25
30940,"London, KY",13,52710,58849,13.11
32500,"Maysville, KY",9,30902,31360,2.04
40080,"Richmond-Berea, KY",23,87462,99972,15.16
16420,"Central City, KY",9,31841,31499,-1.61
43700,"Somerset, KY",14,56277,63063,10.87
15820,"Campbellsville, KY",5,22887,24512,6.78
18340,"Corbin, KY",8,35878,35637,-2.09
18940,"Crowley, LA",12,58822,61773,5.52
12940,"Baton Rouge, LA",151,706119,802484,11.56
38200,"Pierre Part, LA",6,23343,23421,-0.13
19760,"DeRidder, LA",7,32948,35654,6.91
43340,"Shreveport-Bossier City, LA",93,375981,398604,1.86
29340,"Lake Charles, LA",45,193570,199607,-1.00
35020,"Natchez, MS-LA",9,54560,53119,-5.25
10780,"Alexandria, LA",38,145088,153922,9.01
35340,"New Iberia, LA",15,73265,73240,-0.82
40820,"Ruston, LA",15,57911,63009,8.20
35380,"New Orleans-Metairie-Kenner, LA",390,1316534,1167760,-12.54
27660,"Jennings, LA",7,31434,31594,-0.18
29180,"Lafayette, LA",54,238774,273738,10.86
26380,"Houma-Bayou Cane-Thibodaux, LA",44,194517,208178,6.47
45260,"Tallulah, LA",5,13724,12093,-12.11
12820,"Bastrop, LA",8,31037,27979,-9.95
35060,"Natchitoches, LA",9,39077,39566,0.08
33740,"Monroe, LA",46,170050,176441,6.16
36660,"Opelousas-Eunice, LA",19,87669,83384,-3.89
34020,"Morgan City, LA",16,53539,54650,1.70
25220,"Hammond, LA",20,100480,121097,18.73
10020,"Abbeville, LA",12,54116,57999,4.44
22860,"Fort Polk South, LA",12,52539,52334,-1.82
14220,"Bogalusa, LA",11,43943,47168,6.89
33380,"Minden, LA",11,41814,41207,-1.39
30340,"Lewiston-Auburn, ME",28,103812,107702,3.70
38860,"Portland-South Portland-Biddeford, ME",114,487501,514098,5.93
12300,"Augusta-Waterville, ME",31,117076,122151,4.61
40500,"Rockland, ME",10,39631,39736,-0.36
12620,"Bangor, ME",46,144881,153923,5.62
19060,"Cumberland, MD-WV",30,102002,103299,0.66
12580,"Baltimore-Towson, MD",676,2553116,2710489,6.59
15700,"Cambridge, MD",9,30669,32618,3.97
30500,"Lexington Park, MD",17,86196,105151,19.18
41540,"Salisbury, MD",26,109380,125203,11.90
20660,"Easton, MD",10,33806,37782,13.84
25180,"Hagerstown-Martinsburg, MD-WV",50,222741,269140,18.35
36180,"Ocean Pines, MD",15,46560,51454,10.44
12700,"Barnstable Town, MA",56,222235,215888,-3.73
38340,"Pittsfield, MA",39,134922,131219,-1.78
39300,"Providence-New Bedford-Fall River, RI-MA",366,1582927,1600852,0.69
14460,"Boston-Cambridge-Quincy, MA-NH",988,4392549,4552402,5.90
44140,"Springfield, MA",157,680070,692942,22.58
49340,"Worcester, MA",172,750040,798552,6.05
10880,"Allegan, MI",24,105632,111408,5.18
10980,"Alpena, MI",9,31297,29598,-5.83
24340,"Grand Rapids-Wyoming, MI",158,740593,774160,4.25
13020,"Bay City, MI",26,110269,107771,-2.25
45900,"Traverse City, MI",32,131331,143372,6.85
35660,"Niles-Benton Harbor, MI",48,162491,156813,-3.54
17740,"Coldwater, MI",12,45781,45248,-1.95
12980,"Battle Creek, MI",39,137992,136146,-1.78
42300,"Sault Ste. Marie, MI",12,38543,38520,1.85
29620,"Lansing-East Lansing, MI",131,447844,464036,170.48
21540,"Escanaba, MI",11,38528,37069,-4.30
27020,"Iron Mountain, MI-WI",9,32548,30591,-6.63
22420,"Flint, MI",131,436213,425790,-2.95
10940,"Alma, MI",10,42289,42476,1.00
26340,"Houghton, MI",10,38313,38784,0.70
34380,"Mount Pleasant, MI",15,63334,70311,10.94
27100,"Jackson, MI",38,158426,160248,1.72
28020,"Kalamazoo-Portage, MI",72,314835,326589,2.52
19820,"Detroit-Warren-Livonia, MI",1293,4452777,4296250,-1.57
10300,"Adrian, MI",23,98971,99892,-0.51
32100,"Marquette, MI",24,64639,67077,4.88
13660,"Big Rapids, MI",11,40547,42798,4.38
31940,"Marinette, WI-MI",15,68712,65778,-3.36
33220,"Midland, MI",19,82797,83629,0.54
15620,"Cadillac, MI",12,44948,47584,4.91
33780,"Monroe, MI",38,145941,152021,4.74
34740,"Muskegon-Norton Shores, MI",42,170208,172188,1.44
26100,"Holland-Grand Haven, MI",53,238410,263801,11.85
40980,"Saginaw-Saginaw Township North, MI",56,210051,200169,-6.26
44780,"Sturgis, MI",17,62411,61295,-1.41
37020,"Owosso, MI",17,71695,70648,-1.72
11460,"Ann Arbor, MI",100,322825,344791,8.69
33460,"Minneapolis-St. Paul-Bloomington, MN-WI",762,2969254,3279833,14.09
13420,"Bemidji, MN",10,39638,44442,10.24
41060,"St. Cloud, MN",38,167443,189093,13.99
31860,"Mankato-North Mankato, MN",23,85707,96740,13.68
35580,"New Ulm, MN",8,26916,25893,-3.85
20260,"Duluth, MN-WI",85,275567,279771,-0.27
14660,"Brainerd, MN",26,82133,91067,9.86
22020,"Fargo, ND-MN",46,174398,208777,16.83
40340,"Rochester, MN",44,163627,186011,13.82
10820,"Alexandria, MN",9,32806,36009,10.33
10660,"Albert Lea, MN",10,32585,31255,-4.12
39860,"Red Wing, MN",10,44142,46183,4.66
29100,"La Crosse, WI-MN",30,126881,133665,4.06
48820,"Willmar, MN",12,41193,42239,1.89
32140,"Marshall, MN",7,25437,25857,0.64
26780,"Hutchinson, MN",7,34916,36651,4.57
21860,"Fairmont, MN",6,21804,20840,-5.21
12380,"Austin, MN",11,38604,39163,2.39
49380,"Worthington, MN",6,20832,21378,1.52
22260,"Fergus Falls, MN",17,57083,57303,0.99
24220,"Grand Forks, ND-MN",28,97489,98461,0.53
22060,"Faribault-Northfield, MN",13,56663,64142,14.88
36940,"Owatonna, MN",8,33684,36576,7.93
47420,"Wahpeton, ND-MN",8,25127,22897,-8.72
49100,"Winona, MN",10,49996,51461,3.14
18420,"Corinth, MS",7,34519,37057,7.53
32620,"McComb, MS",9,52532,53535,3.13
17380,"Cleveland, MS",8,40619,34145,-16.39
24900,"Greenwood, MS",8,48702,42914,-12.58
32940,"Meridian, MS",25,106410,107449,0.25
48500,"West Point, MS",5,21981,20634,-6.86
17260,"Clarksdale, MS",7,30617,26151,-16.27
27140,"Jackson, MS",118,497268,539057,10.61
25620,"Hattiesburg, MS",28,123925,142842,12.83
37700,"Pascagoula, MS",33,150666,162246,3.57
24980,"Grenada, MS",5,23273,21906,-7.55
25060,"Gulfport-Biloxi, MS",55,246114,248820,-1.62
46180,"Tupelo, MS",22,125247,136268,8.88
29860,"Laurel, MS",16,83100,84823,-0.14
37060,"Oxford, MS",10,38687,47351,23.28
15020,"Brookhaven, MS",6,33186,34869,4.90
18060,"Columbus, MS",14,61596,59779,-3.58
44260,"Starkville, MS",8,42920,47671,12.49
38100,"Picayune, MS",9,48521,55834,14.32
26940,"Indianola, MS",7,34382,29450,-14.35
46980,"Vicksburg, MS",12,49668,48773,-2.26
24740,"Greenville, MS",19,63039,51137,-19.88
49540,"Yazoo City, MS",6,28144,28065,-3.62
28860,"Kirksville, MO",9,29142,30038,2.80
33020,"Mexico, MO",7,25857,25529,-0.24
17860,"Columbia, MO",32,145677,172786,15.55
38740,"Poplar Bluff, MO",10,40864,42794,3.58
27620,"Jefferson City, MO",31,140049,149807,6.83
44180,"Springfield, MO",91,368453,436712,18.84
28380,"Kennett, MO",10,33184,31953,-3.89
48460,"West Plains, MO",8,37270,40400,8.41
27900,"Joplin, MO",34,157303,175518,10.43
47660,"Warrensburg, MO",9,48263,52595,6.29
30060,"Lebanon, MO",6,32532,35571,11.39
25300,"Hannibal, MO",11,37899,38948,2.69
32340,"Maryville, MO",5,21913,23370,3.50
42740,"Sedalia, MO",11,39418,42201,6.87
40620,"Rolla, MO",10,39825,45156,13.06
22780,"Fort Leonard Wood, MO",9,41172,52274,24.10
33620,"Moberly, MO",6,24663,25414,3.28
22100,"Farmington, MO",11,55643,65359,17.93
32180,"Marshall, MO",8,23764,23370,-1.97
43460,"Sikeston, MO",10,40437,39191,-2.37
14700,"Branson, MO",16,68284,83877,22.93
13740,"Billings, MT",34,138892,158050,14.12
24500,"Great Falls, MT",22,80359,81327,0.30
28060,"Kalispell, MT",19,74507,90928,20.13
14580,"Bozeman, MT",22,67841,89513,34.90
25660,"Havre, MT",6,16673,16096,-3.02
25740,"Helena, MT",17,65750,74801,14.75
33540,"Missoula, MT",20,95803,109299,11.97
15580,"Butte-Silver Bow, MT",8,34629,34200,-1.21
25580,"Hastings, NE",11,38186,37906,-2.10
42420,"Scottsbluff, NE",12,37767,37660,-2.29
28260,"Kearney, NE",13,49122,52591,6.30
30420,"Lexington, NE",8,26513,26370,-2.19
23340,"Fremont, NE",9,36150,36691,1.62
13100,"Beatrice, NE",7,22992,22311,-2.48
24260,"Grand Island, NE",19,68327,72726,5.67
30700,"Lincoln, NE",78,266798,302157,50.43
35820,"North Platte, NE",10,35937,37590,4.21
35740,"Norfolk, NE",13,49550,48271,-3.02
18100,"Columbus, NE",7,31574,32237,1.37
21980,"Fallon, NV",7,23984,24877,-2.15
29820,"Las Vegas-Paradise, NV",463,1375737,1854871,4137.40
23820,"Gardnerville Ranchos, NV",16,41245,46997,14.19
21220,"Elko, NV",15,46949,50805,7.17
22280,"Fernley, NV",10,34503,51980,56.29
37220,"Pahrump, NV",9,32524,43946,29.40
39900,"Reno-Sparks, NV",109,342889,425417,254.44
16180,"Carson City, NV",13,52468,55274,4.88
29060,"Laconia, NH",15,56266,60088,5.99
28300,"Keene, NH",16,73809,77117,4.30
13620,"Berlin, NH-VT",11,39543,39361,-0.46
30100,"Lebanon, NH-VT",47,167457,174724,3.91
31700,"Manchester-Nashua, NH",85,380854,400721,4.78
18180,"Concord, NH",36,136263,146445,8.00
17200,"Claremont, NH",10,40434,43742,9.16
12100,"Atlantic City-Hammonton, NJ",69,253208,274549,4.23
35620,"New York-Northern New Jersey-Long Island, NY-NJ-PA",2760,18324426,18897108,5.14
36140,"Ocean City, NJ",32,102323,97265,-6.62
47220,"Vineland-Millville-Bridgeton, NJ",33,146443,156898,16.72
45940,"Trenton-Ewing, NJ",77,350766,366513,3.74
10900,"Allentown-Bethlehem-Easton, PA-NJ",179,740329,821173,11.56
10740,"Albuquerque, NM",198,729723,881484,47.09
40740,"Roswell, NM",16,61373,65645,6.44
24380,"Grants, NM",7,25588,27213,3.85
17580,"Clovis, NM",12,45050,48376,7.86
29740,"Las Cruces, NM",41,174886,209233,18.41
16100,"Carlsbad-Artesia, NM",12,51633,53829,4.00
43500,"Silver City, NM",8,31004,29514,-6.12
26020,"Hobbs, NM",18,55529,64727,17.99
40760,"Ruidoso, NM",5,19374,20497,4.92
31060,"Los Alamos, NM",4,18347,17950,-2.26
19700,"Deming, NM",6,24986,25095,0.66
23700,"Gallup, NM",17,74796,71492,-5.10
10460,"Alamogordo, NM",16,62194,63797,1.31
21580,"Espanola, NM",9,41172,40246,-2.11
38780,"Portales, NM",5,18022,19846,10.11
22140,"Farmington, NM",33,113812,130044,18.46
29780,"Las Vegas, NM",7,30089,29393,-2.19
42140,"Santa Fe, NM",50,129301,144170,16.37
45340,"Taos, NM",6,29987,32937,8.31
10580,"Albany-Schenectady-Troy, NY",218,825923,870716,5.73
13780,"Binghamton, NY",65,252298,251725,0.24
36460,"Olean, NY",21,83870,80317,-9.48
12180,"Auburn, NY",19,81910,80026,-1.90
27460,"Jamestown-Dunkirk-Fredonia, NY",35,139703,134905,-3.17
21300,"Elmira, NY",22,91114,88830,-3.20
38460,"Plattsburgh, NY",19,79882,82128,8.82
26460,"Hudson, NY",21,63074,63096,1.58
18660,"Cortland, NY",12,48704,49336,1.76
39100,"Poughkeepsie-Newburgh-Middletown, NY",158,621422,670301,8.30
15380,"Buffalo-Niagara Falls, NY",296,1170021,1135509,-2.71
31660,"Malone, NY",14,51113,51599,1.10
24100,"Gloversville, NY",15,55045,55531,0.45
12860,"Batavia, NY",15,60552,60079,-2.02
46540,"Utica-Rome, NY",93,300012,299397,-0.86
48060,"Watertown-Fort Drum, NY",25,111716,116229,8.04
40380,"Rochester, NY",264,1037929,1054323,11.98
45060,"Syracuse, NY",185,650142,662577,1.98
11220,"Amsterdam, NY",16,49643,50219,1.51
36580,"Oneonta, NY",17,61694,62259,4.53
36300,"Ogdensburg-Massena, NY",28,111920,111944,1.52
42900,"Seneca Falls, NY",10,33321,35251,5.24
18500,"Corning, NY",30,98699,98990,-0.29
27060,"Ithaca, NY",23,96488,101564,6.40
28740,"Kingston, NY",47,177727,182493,1.98
24020,"Glens Falls, NY",36,124290,128923,2.98
15500,"Burlington, NC",36,130759,151131,17.01
25860,"Hickory-Lenoir-Morganton, NC",73,341849,365497,7.01
16740,"Charlotte-Gastonia-Rock Hill, NC-SC",427,1330579,1758038,131.60
47820,"Washington, NC",11,44923,47759,6.20
48900,"Wilmington, NC",91,274509,362315,34.08
11700,"Asheville, NC",104,369177,424858,15.69
21020,"Elizabeth City, NC",15,53143,64094,19.98
33980,"Morehead City, NC",37,59334,66469,7.75
20500,"Durham-Chapel Hill, NC",108,423846,504357,23.31
43140,"Shelby, NC",22,96120,98078,2.50
35100,"New Bern, NC",28,114737,126802,9.83
22180,"Fayetteville, NC",75,336684,366383,141.01
47260,"Virginia Beach-Norfolk-Newport News, VA-NC",413,1576908,1671683,10.45
28620,"Kill Devil Hills, NC",9,29959,33920,11.56
45640,"Thomasville-Lexington, NC",34,147259,162878,15.24
49180,"Winston-Salem, NC",116,422096,477717,14.79
40580,"Rocky Mount, NC",32,142991,152392,9.07
39580,"Raleigh-Cary, NC",224,797178,1130490,201.48
24780,"Greenville, NC",36,152704,189510,25.65
24660,"Greensboro-High Point, NC",168,643363,723801,15.46
40260,"Roanoke Rapids, NC",17,79497,76790,-2.77
20380,"Dunn, NC",27,90980,114678,27.70
44380,"Statesville-Mooresville, NC",44,122630,159437,37.08
41820,"Sanford, NC",13,49196,57866,16.89
28820,"Kinston, NC",15,59643,59495,-3.06
30740,"Lincolnton, NC",18,63815,78265,27.80
43860,"Southern Pines-Pinehurst, NC",18,74777,88247,17.89
27340,"Jacksonville, NC",31,150410,177772,16.59
40460,"Rockingham, NC",11,46598,46639,-0.22
31300,"Lumberton, NC",31,123159,134168,9.26
41580,"Salisbury, NC",30,130371,138428,5.16
22580,"Forest City, NC",13,62921,67810,8.25
29900,"Laurinburg, NC",7,35948,36157,2.12
10620,"Albemarle, NC",13,58098,60585,4.66
34340,"Mount Airy, NC",22,71201,73673,4.00
14820,"Brevard, NC",7,29316,33090,13.22
25780,"Henderson, NC",10,42955,45422,3.54
14380,"Boone, NC",13,42684,51079,17.33
24140,"Goldsboro, NC",26,113440,122623,6.49
35900,"North Wilkesboro, NC",14,65645,69340,5.25
48980,"Wilson, NC",19,73811,81234,7.21
19860,"Dickinson, ND",9,23522,24982,3.00
13900,"Bismarck, ND",24,94713,108779,21.74
33500,"Minot, ND",16,67398,69540,3.55
27420,"Jamestown, ND",6,21912,21100,-2.22
48780,"Williston, ND",7,19754,22398,10.86
30620,"Lima, OH",33,108472,106331,-2.88
11740,"Ashland, OH",11,52522,53139,-0.04
11780,"Ashtabula, OH",25,102687,101497,-1.84
11900,"Athens, OH",15,62199,64757,4.30
47540,"Wapakoneta, OH",11,46228,45949,-1.12
48540,"Wheeling, WV-OH",47,153207,147950,-4.83
15940,"Canton-Massillon, OH",93,406975,404422,-1.05
46500,"Urbana, OH",10,38902,40097,3.55
44220,"Springfield, OH",44,144741,138333,-4.57
48940,"Wilmington, OH",9,40468,42040,3.15
20620,"East Liverpool-Salem, OH",24,112051,107841,-4.81
18740,"Coshocton, OH",10,36655,36901,0.09
15340,"Bucyrus, OH",13,46907,43784,-6.42
17460,"Cleveland-Elyria-Mentor, OH",634,2148018,2077240,-1.90
24820,"Greenville, OH",12,53312,52959,-1.27
19580,"Defiance, OH",9,39495,39037,-1.02
18140,"Columbus, OH",417,1612908,1836534,20.35
41780,"Sandusky, OH",18,79628,77079,-3.89
47920,"Washington Court House, OH",7,28471,29030,1.87
45780,"Toledo, OH",177,659199,651429,-1.85
38580,"Point Pleasant, WV-OH",13,57003,58258,2.22
19380,"Dayton, OH",220,848309,841502,-0.99
15740,"Cambridge, OH",10,40813,40087,-2.06
22300,"Findlay, OH",13,71293,74782,5.36
35940,"Norwalk, OH",13,59447,59626,0.04
44600,"Steubenville-Weirton, OH-WV",37,131980,124454,-6.29
34540,"Mount Vernon, OH",12,54482,60921,12.17
13340,"Bellefontaine, OH",11,46004,45858,-1.84
49660,"Youngstown-Warren-Boardman, OH-PA",155,603044,565773,-8.02
32020,"Marion, OH",18,66198,66501,-0.90
16380,"Celina, OH",9,40936,40814,-0.74
49780,"Zanesville, OH",19,84551,86074,1.20
10420,"Akron, OH",170,694988,703200,-0.01
31900,"Mansfield, OH",30,128933,124475,-4.70
17060,"Chillicothe, OH",17,73395,78064,5.78
23380,"Fremont, OH",15,61797,60944,-1.58
39020,"Portsmouth, OH",20,79218,79499,-0.16
45660,"Tiffin, OH",14,58663,56745,-3.25
43380,"Sidney, OH",10,48293,49423,2.48
35420,"New Philadelphia-Dover, OH",21,90921,92582,2.36
46780,"Van Wert, OH",9,29644,28744,-3.27
37620,"Parkersburg-Marietta-Vienna, WV-OH",46,164580,162056,-2.34
49300,"Wooster, OH",32,111555,114520,1.64
21120,"Elk City, OK",4,19807,22119,10.14
20460,"Durant, OK",11,36524,42416,11.43
36420,"Oklahoma City, OK",363,1095553,1252987,19.45
11620,"Ardmore, OK",14,54444,56980,2.96
45140,"Tahlequah, OK",9,42467,46987,10.70
30020,"Lawton, OK",32,114996,124098,6.06
46140,"Tulsa, OK",264,859626,937478,12.09
48220,"Weatherford, OK",5,26148,27469,4.26
21420,"Enid, OK",12,57811,60580,4.35
11060,"Altus, OK",8,28439,26446,-6.48
38620,"Ponca City, OK",11,48086,46562,-3.36
34780,"Muskogee, OK",16,69472,70990,2.22
33060,"Miami, OK",9,33162,31848,-2.12
44660,"Stillwater, OK",17,68201,77350,11.64
32540,"McAlester, OK",13,43944,45837,5.57
10220,"Ada, OK",10,35146,37492,5.99
43060,"Shawnee, OK",16,65512,69442,4.97
20340,"Duncan, OK",11,43204,45048,3.73
25100,"Guymon, OK",5,20108,20640,-0.12
12780,"Bartlesville, OK",13,49015,50976,2.70
49260,"Woodward, OK",5,18489,20081,8.34
18700,"Corvallis, OR",18,78143,85579,9.09
38900,"Portland-Vancouver-Hillsboro, OR-WA",484,1927892,2226009,18.97
11820,"Astoria, OR",11,35636,37039,4.40
18300,"Coos Bay, OR",13,62795,63043,0.72
39260,"Prineville, OR",4,19175,20978,10.44
15060,"Brookings, OR",5,21147,22364,5.63
13460,"Bend, OR",24,115372,157733,33.64
40700,"Roseburg, OR",22,100375,107667,6.41
26220,"Hood River, OR",4,20407,22346,9.04
32780,"Medford, OR",41,181281,203206,10.35
24420,"Grants Pass, OR",16,75728,82713,7.46
28900,"Klamath Falls, OR",20,63771,66380,3.99
21660,"Eugene-Springfield, OR",86,323010,351715,9.16
10540,"Albany-Lebanon, OR",21,103075,116672,11.82
41420,"Salem, OR",70,347262,390738,10.98
37820,"Pendleton-Hermiston, OR",17,81551,87062,5.01
29260,"La Grande, OR",8,24522,25748,5.77
45520,"The Dalles, OR",8,23797,25213,5.49
23900,"Gettysburg, PA",23,91205,101407,12.38
38300,"Pittsburgh, PA",702,2431220,2355745,-4.10
39740,"Reading, PA",90,373626,411442,9.81
11020,"Altoona, PA",34,129117,127089,-3.32
42380,"Sayre, PA",14,62754,62622,-0.37
27780,"Johnstown, PA",42,152564,143679,-6.92
44300,"State College, PA",31,135664,153990,13.40
20180,"DuBois, PA",20,83556,81642,-2.85
30820,"Lock Haven, PA",9,37878,39238,3.66
14100,"Bloomsburg-Berwick, PA",15,82174,85562,4.48
32740,"Meadville, PA",23,90335,88765,-2.13
25420,"Harrisburg-Carlisle, PA",124,509029,549475,7.27
41260,"St. Marys, PA",9,35159,31946,-7.49
21500,"Erie, PA",71,280913,280566,-0.67
16540,"Chambersburg, PA",27,129490,149618,15.03
26500,"Huntingdon, PA",12,45606,45913,1.16
26860,"Indiana, PA",23,89573,88880,-1.38
42540,"Scranton--Wilkes-Barre, PA",170,560790,563631,-0.92
29540,"Lancaster, PA",98,470782,519445,10.34
35260,"New Castle, PA",28,94572,91108,-4.86
30140,"Lebanon, PA",31,120284,133568,9.30
48700,"Williamsport, PA",29,120003,116111,-3.23
14620,"Bradford, PA",12,45910,43450,-5.76
30380,"Lewistown, PA",12,46477,46682,-0.20
20700,"East Stroudsburg, PA",33,138633,169842,24.67
44980,"Sunbury, PA",24,94868,94528,-1.56
39060,"Pottsville, PA",40,150271,148289,-1.63
42780,"Selinsgrove, PA",8,37506,39702,5.62
43740,"Somerset, PA",21,80053,77742,-3.78
30260,"Lewisburg, PA",10,41583,44947,8.57
36340,"Oil City, PA",16,57509,54984,-5.20
47620,"Warren, PA",13,43784,41815,-5.00
49620,"York-Hanover, PA",90,381788,434972,12.96
11340,"Anderson, SC",39,165834,187126,13.21
25940,"Hilton Head Island-Beaufort, SC",44,141602,187010,93.59
16700,"Charleston-North Charleston-Summerville, SC",154,549020,664607,44.61
17900,"Columbia, SC",187,647219,767598,28.15
23500,"Gaffney, SC",13,52532,55342,4.02
16900,"Chester, SC",11,34115,33140,-2.44
47500,"Walterboro, SC",9,38262,38892,-1.28
22500,"Florence, SC",49,193160,205566,7.70
19900,"Dillon, SC",6,30737,32062,3.51
23860,"Georgetown, SC",14,55822,60158,9.76
24860,"Greenville-Mauldin-Easley, SC",156,559798,636986,13.36
24940,"Greenwood, SC",14,66307,69661,5.25
34820,"Myrtle Beach-North Myrtle Beach-Conway, SC",69,196558,264289,59.54
29580,"Lancaster, SC",14,61397,76652,29.67
13500,"Bennettsville, SC",7,28823,28933,3.57
35140,"Newberry, SC",8,35978,37508,4.88
42860,"Seneca, SC",15,66199,74273,12.78
36700,"Orangeburg, SC",20,91512,92501,0.47
43900,"Spartanburg, SC",69,253942,284307,10.33
44940,"Sumter, SC",23,104685,107456,2.03
46420,"Union, SC",9,29940,28961,-2.75
26700,"Huron, SD",6,17027,17398,1.40
15100,"Brookings, SD",6,28233,31965,17.29
10100,"Aberdeen, SD",10,39831,40602,0.52
46820,"Vermillion, SD",3,13538,13864,2.48
47980,"Watertown, SD",9,31439,33130,5.95
33580,"Mitchell, SD",5,21887,22835,4.31
38180,"Pierre, SD",5,19255,19988,5.46
43940,"Spearfish, SD",5,21805,24097,10.72
43620,"Sioux Falls, SD",53,187151,228261,34.68
39660,"Rapid City, SD",28,112845,126382,10.89
49460,"Yankton, SD",5,21657,22438,3.10
28940,"Knoxville, TN",171,616118,698030,14.40
43180,"Shelbyville, TN",9,37608,45058,18.57
17420,"Cleveland, TN",24,104012,115788,9.66
29220,"La Follette, TN",11,39835,40716,2.38
34980,"Nashville-Davidson--Murfreesboro--Franklin, TN",362,1311864,1589934,26.57
27740,"Johnson City, TN",44,181590,198716,8.37
27180,"Jackson, TN",30,107445,115425,4.81
35460,"Newport, TN",9,33551,35662,0.49
46100,"Tullahoma, TN",23,93006,100210,9.11
18900,"Crossville, TN",14,46781,56053,21.15
20540,"Dyersburg, TN",8,37286,38335,4.24
26480,"Humboldt, TN",14,48081,49683,3.49
34100,"Morristown, TN",26,123048,136608,10.78
24620,"Greeneville, TN",15,62905,68831,10.95
28700,"Kingsport-Bristol-Bristol, TN-VA",75,298555,309544,3.84
15140,"Brownsville, TN",6,19790,18787,-5.41
37540,"Paris, TN",9,31111,32330,2.27
18260,"Cookeville, TN",26,93426,106042,11.68
29980,"Lawrenceburg, TN",11,39914,41869,4.76
11940,"Athens, TN",10,49010,52266,6.62
30280,"Lewisburg, TN",6,26759,30617,13.90
17940,"Columbia, TN",17,69544,80956,18.77
25340,"Harriman, TN",10,51920,54181,4.03
42940,"Sevierville, TN",18,71202,89889,19.00
32660,"McMinnville, TN",9,38283,39839,3.63
32280,"Martin, TN",11,34927,35021,0.17
37300,"Palestine, TX",11,55114,58458,7.95
11380,"Andrews, TX",4,13002,14786,13.71
31260,"Lufkin, TX",17,80123,86771,8.92
18580,"Corpus Christi, TX",101,403246,428174,13.95
48660,"Wichita Falls, TX",42,151595,151306,-0.90
11100,"Amarillo, TX",64,226488,249881,22.83
41700,"San Antonio-New Braunfels, TX",449,1711575,2142508,191.96
26420,"Houston-Sugar Land-Baytown, TX",1072,4715716,5946800,146.35
12420,"Austin-Round Rock-San Marcos, TX",350,1249970,1716289,290.69
13300,"Beeville, TX",7,32347,31861,0.54
28660,"Killeen-Temple-Fort Hood, TX",88,330718,404981,196.90
17780,"College Station-Bryan, TX",52,184859,228660,44.39
15220,"Brownwood, TX",12,37668,38106,0.62
31920,"Marble Falls, TX",8,34179,42750,25.50
47020,"Victoria, TX",27,111645,115384,2.84
10180,"Abilene, TX",46,160273,165252,2.24
15180,"Brownsville-Harlingen, TX",86,334884,406220,20.33
27380,"Jacksonville, TX",12,46712,50845,8.48
19100,"Dallas-Fort Worth-Arlington, TX",1307,5162013,6355304,951.16
23620,"Gainesville, TX",8,36366,38437,4.60
31180,"Lubbock, TX",71,249708,284890,38.94
29500,"Lamesa, TX",4,14987,13833,-8.50
25820,"Hereford, TX",4,18565,19372,4.26
36220,"Odessa, TX",28,121124,137130,12.98
21340,"El Paso, TX",159,679560,789400,45.47
44500,"Stephenville, TX",8,32974,37890,17.80
14300,"Bonham, TX",9,31225,33915,8.85
23240,"Fredericksburg, TX",5,20806,24837,21.78
37420,"Pampa, TX",7,23629,23464,0.18
43300,"Sherman-Denison, TX",26,110574,120877,7.87
30980,"Longview, TX",39,194044,214369,7.86
38380,"Plainview, TX",9,36613,36273,-1.67
13140,"Beaumont-Port Arthur, TX",103,385069,388660,0.88
32220,"Marshall, TX",14,62096,65631,5.25
11980,"Athens, TX",17,73138,78532,6.50
32580,"McAllen-Edinburg-Mission, TX",113,569101,774769,34.77
30220,"Levelland, TX",7,22721,22935,-1.05
24180,"Granbury, TX",12,47900,59672,23.90
44860,"Sulphur Springs, TX",9,31960,35161,9.40
13700,"Big Spring, TX",10,33630,35012,1.76
14420,"Borger, TX",7,23861,22150,-8.41
41660,"San Angelo, TX",26,105780,111823,2.94
10860,"Alice, TX",7,39343,40838,2.58
28780,"Kingsville, TX",6,32024,32477,1.41
28500,"Kerrville, TX",10,43646,49625,13.07
37580,"Paris, TX",12,48493,49793,1.82
47380,"Waco, TX",51,213527,234906,12.67
13060,"Bay City, TX",10,37919,36702,-2.41
20580,"Eagle Pass, TX",9,47285,54258,12.11
33260,"Midland, TX",27,116034,136872,12.24
20300,"Dumas, TX",4,20125,21904,8.13
34860,"Nacogdoches, TX",13,59197,64524,8.34
18620,"Corsicana, TX",10,45113,47735,7.30
45020,"Sweetwater, TX",5,15805,15216,-4.03
33420,"Mineral Wells, TX",9,27016,28111,3.30
37780,"Pecos, TX",5,13141,13783,3.14
43660,"Snyder, TX",4,16366,16921,1.98
46340,"Tyler, TX",41,174861,209714,15.95
40100,"Rio Grande City-Roma, TX",15,53573,60968,15.27
34420,"Mount Pleasant, TX",8,28118,32334,12.71
46620,"Uvalde, TX",5,25919,26405,2.70
19620,"Del Rio, TX",10,44834,48879,-0.79
26660,"Huntsville, TX",10,61763,67861,10.68
14780,"Brenham, TX",6,30411,33718,11.10
29700,"Laredo, TX",60,193124,250302,73.41
20900,"El Campo, TX",11,41190,41280,-0.26
46900,"Vernon, TX",4,14679,13535,-10.25
39700,"Raymondville, TX",5,20079,22134,6.95
14940,"Brigham City, UT",11,42749,49975,18.19
39220,"Price, UT",5,20529,21403,4.48
36260,"Ogden-Clearfield, UT",106,442661,547184,31.43
16260,"Cedar City, UT",8,33793,46163,40.39
39340,"Provo-Orem, UT",130,376775,526810,1741.06
41620,"Salt Lake City, UT",235,968900,1124197,33.94
46860,"Vernal, UT",6,25166,32588,29.46
25720,"Heber, UT",4,15206,23530,52.10
41100,"St. George, UT",21,90325,138115,53.23
13540,"Bennington, VT",12,36973,37125,0.73
15540,"Burlington-South Burlington, VT",47,198902,211261,4.26
40860,"Rutland, VT",20,63382,61642,-2.29
12740,"Barre, VT",19,58031,59534,2.57
16820,"Charlottesville, VA",44,174012,201559,17.14
40060,"Richmond, VA",296,1097050,1258251,16.45
31340,"Lynchburg, VA",60,228534,252634,10.80
44420,"Staunton-Waynesboro, VA",24,108958,118502,6.84
40220,"Roanoke, VA",65,288375,308707,7.57
19020,"Culpeper, VA",8,34264,46689,40.15
49020,"Winchester, VA-WV",24,102997,128472,24.85
13980,"Blacksburg-Christiansburg-Radford, VA",32,151325,162958,4.52
32300,"Martinsville, VA",19,73356,67972,-7.54
19260,"Danville, VA",32,110103,106561,-7.27
25500,"Harrisonburg, VA",30,108216,125228,18.51
14140,"Bluefield, WV-VA",27,107575,107342,-1.20
28420,"Kennewick-Pasco-Richland, WA",49,191853,253340,294.53
48300,"Wenatchee-East Wenatchee, WA",22,99199,110884,12.23
38820,"Port Angeles, WA",21,64184,71404,10.20
31020,"Longview, WA",24,92947,102410,8.75
34180,"Moses Lake, WA",16,74714,89120,15.30
10140,"Aberdeen, WA",16,67141,72797,6.86
36020,"Oak Harbor, WA",21,71571,78506,8.36
42660,"Seattle-Tacoma-Bellevue, WA",716,3043942,3439809,66.30
14740,"Bremerton-Silverdale, WA",54,231979,251133,38.86
21260,"Ellensburg, WA",8,33369,40915,23.36
16500,"Centralia, WA",20,68580,75455,9.94
43220,"Shelton, WA",14,49443,60699,20.20
34580,"Mount Vernon-Anacortes, WA",29,103017,116901,11.52
44060,"Spokane, WA",105,417964,471221,13.27
36500,"Olympia, WA",49,207392,252264,25.81
47460,"Walla Walla, WA",12,55177,58781,5.83
13380,"Bellingham, WA",34,166822,201140,22.87
39420,"Pullman, WA",10,40742,44776,9.07
49420,"Yakima, WA",45,222580,243231,9.78
16620,"Charleston, WV",79,309652,304284,-2.63
17220,"Clarksburg, WV",28,92057,94196,2.31
36060,"Oak Hill, WV",12,47593,46039,-2.14
21900,"Fairmont, WV",18,56605,56418,-0.50
34060,"Morgantown, WV",32,111199,129709,16.53
13220,"Beckley, WV",17,79231,78859,2.94
24580,"Green Bay, WI",68,282493,306241,6.35
11540,"Appleton, WI",51,201773,225666,19.58
20740,"Eau Claire, WI",31,148345,161151,9.24
31540,"Madison, WI",123,501765,568593,28.39
13180,"Beaver Dam, WI",20,85860,88759,3.17
32860,"Menomonie, WI",8,39850,43857,11.44
22540,"Fond du Lac, WI",20,97284,101633,2.73
38420,"Platteville, WI",12,49590,51208,2.88
33820,"Monroe, WI",8,33678,36842,8.49
48020,"Watertown-Fort Atkinson, WI",20,75851,83686,10.00
32980,"Merrill, WI",10,29623,28743,-2.94
31820,"Manitowoc, WI",19,82905,81442,-2.23
48140,"Wausau, WI",27,125907,134063,5.17
33340,"Milwaukee-Waukesha-West Allis, WI",428,1500788,1555908,3.92
44620,"Stevens Point, WI",14,67181,70019,3.32
39540,"Racine, WI",44,188850,195408,5.07
27500,"Janesville, WI",38,152313,160331,4.52
12660,"Baraboo, WI",13,55186,61976,10.76
43100,"Sheboygan, WI",26,112665,115507,2.44
48580,"Whitewater, WI",22,91892,102228,13.06
36780,"Oshkosh-Neenah, WI",41,156749,166994,4.58
32270,"Marshfield-Wisconsin Rapids, WI",17,75500,74749,-1.09
29660,"Laramie, WY",10,32031,36299,12.76
23940,"Gillette, WY",7,33705,46133,36.62
40180,"Riverton, WY",10,35805,40123,11.51
16940,"Cheyenne, WY",20,81613,91738,12.84
16220,"Casper, WY",18,66541,75450,13.64
43260,"Sheridan, WY",6,26563,29116,8.60
40540,"Rock Springs, WY",12,37623,43806,15.73
21740,"Evanston, WY",3,19740,21118,7.01
10260,"Adjuntas, PR",6,19122,19483,0.66
10380,"Aguadilla-Isabela-San Sebastián, PR",67,312613,306292,-3.22
41980,"San Juan-Caguas-Guaynabo, PR",597,2509004,2478905,1.40
25020,"Guayama, PR",17,83568,84214,0.49
41900,"San Germán-Cabo Rojo, PR",29,136202,137462,-2.77
21940,"Fajardo, PR",18,78526,70692,-9.87
17620,"Coamo, PR",16,68715,71590,-0.51
49500,"Yauco, PR",29,118088,107333,-8.91
32420,"Mayagüez, PR",30,115058,106330,-8.83
27580,"Jayuya, PR",3,17309,16642,-4.93
38660,"Ponce, PR",63,264938,243147,-8.18
42180,"Santa Isabel, PR",5,21662,23274,7.62
46580,"Utuado, PR",8,35352,33149,-6.84
